"layer","layer_name","x","y","visual_label","visual_text","visual_behavior","behavior","parameter_summary","text_parameters","select_parameters","checked_modifiers"
"0","0","0","0","Esc","Key Press","Key Press","Key Press","Keyboard Escape","default_transform: | Key::Keyboard Escape","default_transform:default_transform",""
"0","0","1","0","1","Key Press","Key Press","Key Press","Keyboard 1 and Bang","default_transform: | Key::Keyboard 1 and Bang","default_transform:default_transform",""
"0","0","2","0","2","Key Press","Key Press","Key Press","Keyboard 2 and At","default_transform: | Key::Keyboard 2 and At","default_transform:default_transform",""
"0","0","3","0","3","Key Press","Key Press","Key Press","Keyboard 3 and Hash","default_transform: | Key::Keyboard 3 and Hash","default_transform:default_transform",""
"0","0","4","0","4","Key Press","Key Press","Key Press","Keyboard 4 and Dollar","default_transform: | Key::Keyboard 4 and Dollar","default_transform:default_transform",""
"0","0","5","0","5","Key Press","Key Press","Key Press","Keyboard 5 and Percent","default_transform: | Key::Keyboard 5 and Percent","default_transform:default_transform",""
"0","0","7","0","6","Key Press","Key Press","Key Press","Keyboard 6 and Caret","default_transform: | Key::Keyboard 6 and Caret","default_transform:default_transform",""
"0","0","8","0","7","Key Press","Key Press","Key Press","Keyboard 7 and Ampersand","default_transform: | Key::Keyboard 7 and Ampersand","default_transform:default_transform",""
"0","0","9","0","8","Key Press","Key Press","Key Press","Keyboard 8 and Star","default_transform: | Key::Keyboard 8 and Star","default_transform:default_transform",""
"0","0","10","0","9","Key Press","Key Press","Key Press","Keyboard 9 and Left Bracket","default_transform: | Key::Keyboard 9 and Left Bracket","default_transform:default_transform",""
"0","0","11","0","0","Key Press","Key Press","Key Press","Keyboard 0 and Right Bracket","default_transform: | Key::Keyboard 0 and Right Bracket","default_transform:default_transform",""
"0","0","12","0","BkSp","Key Press","Key Press","Key Press","Keyboard Delete","default_transform: | Key::Keyboard Delete","default_transform:default_transform",""
"0","0","0","1","Tab","Key Press","Key Press","Key Press","Keyboard Tab","default_transform: | Key::Keyboard Tab","default_transform:default_transform",""
"0","0","1","1","Q","Key Press","Key Press","Key Press","Keyboard Q","default_transform: | Key::Keyboard Q","default_transform:default_transform",""
"0","0","2","1","W","Key Press","Key Press","Key Press","Keyboard W","default_transform: | Key::Keyboard W","default_transform:default_transform",""
"0","0","3","1","E","Key Press","Key Press","Key Press","Keyboard E","default_transform: | Key::Keyboard E","default_transform:default_transform",""
"0","0","4","1","R","Key Press","Key Press","Key Press","Keyboard R","default_transform: | Key::Keyboard R","default_transform:default_transform",""
"0","0","5","1","T","Key Press","Key Press","Key Press","Keyboard T","default_transform: | Key::Keyboard T","default_transform:default_transform",""
"0","0","7","1","Y","Key Press","Key Press","Key Press","Keyboard Y","default_transform: | Key::Keyboard Y","default_transform:default_transform",""
"0","0","8","1","U","Key Press","Key Press","Key Press","Keyboard U","default_transform: | Key::Keyboard U","default_transform:default_transform",""
"0","0","9","1","I","Key Press","Key Press","Key Press","Keyboard I","default_transform: | Key::Keyboard I","default_transform:default_transform",""
"0","0","10","1","O","Key Press","Key Press","Key Press","Keyboard O","default_transform: | Key::Keyboard O","default_transform:default_transform",""
"0","0","11","1","P","Key Press","Key Press","Key Press","Keyboard P","default_transform: | Key::Keyboard P","default_transform:default_transform",""
"0","0","12","1","\","Key Press","Key Press","Key Press","Keyboard Backslash and Pipe","default_transform: | Key::Keyboard Backslash and Pipe","default_transform:default_transform",""
"0","0","0","2","Shft","Key Press","Key Press","Key Press","Keyboard LeftShift","default_transform: | Key::Keyboard LeftShift","default_transform:default_transform",""
"0","0","1","2","A","Key Press","Key Press","Key Press","Keyboard A","default_transform: | Key::Keyboard A","default_transform:default_transform",""
"0","0","2","2","S","Key Press","Key Press","Key Press","Keyboard S","default_transform: | Key::Keyboard S","default_transform:default_transform",""
"0","0","3","2","D","Key Press","Key Press","Key Press","Keyboard D","default_transform: | Key::Keyboard D","default_transform:default_transform",""
"0","0","4","2","F","Key Press","Key Press","Key Press","Keyboard F","default_transform: | Key::Keyboard F","default_transform:default_transform",""
"0","0","5","2","G","Key Press","Key Press","Key Press","Keyboard G","default_transform: | Key::Keyboard G","default_transform:default_transform",""
"0","0","7","2","H","Key Press","Key Press","Key Press","Keyboard H","default_transform: | Key::Keyboard H","default_transform:default_transform",""
"0","0","8","2","J","Key Press","Key Press","Key Press","Keyboard J","default_transform: | Key::Keyboard J","default_transform:default_transform",""
"0","0","9","2","K","Key Press","Key Press","Key Press","Keyboard K","default_transform: | Key::Keyboard K","default_transform:default_transform",""
"0","0","10","2","L","Key Press","Key Press","Key Press","Keyboard L","default_transform: | Key::Keyboard L","default_transform:default_transform",""
"0","0","11","2",";","Key Press","Key Press","Key Press","Keyboard SemiColon and Colon","default_transform: | Key::Keyboard SemiColon and Colon","default_transform:default_transform",""
"0","0","12","2","'","Key Press","Key Press","Key Press","Keyboard Left Apos and Double","default_transform: | Key::Keyboard Left Apos and Double","default_transform:default_transform",""
"0","0","0","3","Ctrl","Key Press","Key Press","Key Press","Keyboard LeftControl","default_transform: | Key::Keyboard LeftControl","default_transform:default_transform",""
"0","0","1","3","Z","Key Press","Key Press","Key Press","Keyboard Z","default_transform: | Key::Keyboard Z","default_transform:default_transform",""
"0","0","2","3","X","Key Press","Key Press","Key Press","Keyboard X","default_transform: | Key::Keyboard X","default_transform:default_transform",""
"0","0","3","3","C","Key Press","Key Press","Key Press","Keyboard C","default_transform: | Key::Keyboard C","default_transform:default_transform",""
"0","0","4","3","V","Key Press","Key Press","Key Press","Keyboard V","default_transform: | Key::Keyboard V","default_transform:default_transform",""
"0","0","5","3","B","Key Press","Key Press","Key Press","Keyboard B","default_transform: | Key::Keyboard B","default_transform:default_transform",""
"0","0","7","3","N","Key Press","Key Press","Key Press","Keyboard N","default_transform: | Key::Keyboard N","default_transform:default_transform",""
"0","0","8","3","M","Key Press","Key Press","Key Press","Keyboard M","default_transform: | Key::Keyboard M","default_transform:default_transform",""
"0","0","9","3",",","Key Press","Key Press","Key Press","Keyboard Comma and LessThan","default_transform: | Key::Keyboard Comma and LessThan","default_transform:default_transform",""
"0","0","10","3","{","Key Press","Key Press","Key Press","Keyboard Left Brace","default_transform: | Key::Keyboard Left Brace","default_transform:default_transform",""
"0","0","11","3","/","Key Press","Key Press","Key Press","Keyboard ForwardSlash and QuestionMark","default_transform: | Key::Keyboard ForwardSlash and QuestionMark","default_transform:default_transform",""
"0","0","12","3","-","Key Press","Key Press","Key Press","Keyboard Dash and Underscore","default_transform: | Key::Keyboard Dash and Underscore","default_transform:default_transform",""
"0","0","3","4","Momentary Layer","Momentary Layer","Momentary Layer","Momentary Layer","default_transform","default_transform:","default_transform:default_transform | Layer::1",""
"0","0","4","4","␣","Key Press","Key Press","Key Press","Keyboard Spacebar","default_transform: | Key::Keyboard Spacebar","default_transform:default_transform",""
"0","0","5","4","Alt","Key Press","Key Press","Key Press","Keyboard LeftAlt","default_transform: | Key::Keyboard LeftAlt","default_transform:default_transform","L Alt"
"0","0","7","4","Momentary Layer","Momentary Layer","Momentary Layer","Momentary Layer","default_transform","default_transform:","default_transform:default_transform | Layer::4",""
"0","0","8","4","Momentary Layer","Momentary Layer","Momentary Layer","Momentary Layer","default_transform","default_transform:","default_transform:default_transform | Layer::3",""
"0","0","4","5","Mouse Key Press","Mouse Key Press","Mouse Key Press","Mouse Key Press","default_transform","default_transform:","default_transform:default_transform | select:MB1",""
"0","0","5","5","Momentary Layer","Momentary Layer","Momentary Layer","Momentary Layer","default_transform","default_transform:","default_transform:default_transform | Layer::2",""
"0","0","7","5","Ret","Key Press","Key Press","Key Press","Keyboard Return Enter","default_transform: | Key::Keyboard Return Enter","default_transform:default_transform",""
"1","1","0","0","F1","Key Press","Key Press","Key Press","Keyboard F1","default_transform: | Key::Keyboard F1","default_transform:default_transform",""
"1","1","1","0","F2","Key Press","Key Press","Key Press","Keyboard F2","default_transform: | Key::Keyboard F2","default_transform:default_transform",""
"1","1","2","0","F3","Key Press","Key Press","Key Press","Keyboard F3","default_transform: | Key::Keyboard F3","default_transform:default_transform",""
"1","1","3","0","F4","Key Press","Key Press","Key Press","Keyboard F4","default_transform: | Key::Keyboard F4","default_transform:default_transform",""
"1","1","4","0","F5","Key Press","Key Press","Key Press","Keyboard F5","default_transform: | Key::Keyboard F5","default_transform:default_transform",""
"1","1","5","0","F6","Key Press","Key Press","Key Press","Keyboard F6","default_transform: | Key::Keyboard F6","default_transform:default_transform",""
"1","1","7","0","F7","Key Press","Key Press","Key Press","Keyboard F7","default_transform: | Key::Keyboard F7","default_transform:default_transform",""
"1","1","8","0","F8","Key Press","Key Press","Key Press","Keyboard F8","default_transform: | Key::Keyboard F8","default_transform:default_transform",""
"1","1","9","0","F9","Key Press","Key Press","Key Press","Keyboard F9","default_transform: | Key::Keyboard F9","default_transform:default_transform",""
"1","1","10","0","F10","Key Press","Key Press","Key Press","Keyboard F10","default_transform: | Key::Keyboard F10","default_transform:default_transform",""
"1","1","11","0","F11","Key Press","Key Press","Key Press","Keyboard F11","default_transform: | Key::Keyboard F11","default_transform:default_transform",""
"1","1","12","0","F12","Key Press","Key Press","Key Press","Keyboard F12","default_transform: | Key::Keyboard F12","default_transform:default_transform",""
"1","1","0","1","Game","To Layer","To Layer","To Layer","default_transform","default_transform:","default_transform:default_transform | Layer::7",""
"1","1","1","1","F5","Key Press","Key Press","Key Press","Keyboard F5","default_transform: | Key::Keyboard F5","default_transform:default_transform",""
"1","1","2","1","F6","Key Press","Key Press","Key Press","Keyboard F6","default_transform: | Key::Keyboard F6","default_transform:default_transform",""
"1","1","3","1","F7","Key Press","Key Press","Key Press","Keyboard F7","default_transform: | Key::Keyboard F7","default_transform:default_transform",""
"1","1","4","1","F8","Key Press","Key Press","Key Press","Keyboard F8","default_transform: | Key::Keyboard F8","default_transform:default_transform",""
"1","1","5","1","F","Key Press","Key Press","Key Press","L Ctrl+Keyboard F","default_transform: | Key::Keyboard F","default_transform:default_transform","L Ctrl"
"1","1","7","1","←","Key Press","Key Press","Key Press","L Ctrl+Keyboard LeftArrow","default_transform: | Key::Keyboard LeftArrow","default_transform:default_transform","L Ctrl"
"1","1","8","1","Home","Key Press","Key Press","Key Press","Keyboard Home","default_transform: | Key::Keyboard Home","default_transform:default_transform",""
"1","1","9","1","9 PU","Key Press","Key Press","Key Press","Keypad 9 and PageUp","default_transform: | Key::Keypad 9 and PageUp","default_transform:default_transform",""
"1","1","10","1","3 PD","Key Press","Key Press","Key Press","Keypad 3 and PageDn","default_transform: | Key::Keypad 3 and PageDn","default_transform:default_transform",""
"1","1","11","1","End","Key Press","Key Press","Key Press","Keyboard End","default_transform: | Key::Keyboard End","default_transform:default_transform",""
"1","1","12","1","BkSp","Key Press","Key Press","Key Press","Keyboard Delete","default_transform: | Key::Keyboard Delete","default_transform:default_transform",""
"1","1","0","2","Shft","Key Press","Key Press","Key Press","Keyboard LeftShift","default_transform: | Key::Keyboard LeftShift","default_transform:default_transform",""
"1","1","1","2","F1","Key Press","Key Press","Key Press","Keyboard F1","default_transform: | Key::Keyboard F1","default_transform:default_transform",""
"1","1","2","2","F2","Key Press","Key Press","Key Press","Keyboard F2","default_transform: | Key::Keyboard F2","default_transform:default_transform",""
"1","1","3","2","F3","Key Press","Key Press","Key Press","Keyboard F3","default_transform: | Key::Keyboard F3","default_transform:default_transform",""
"1","1","4","2","F4","Key Press","Key Press","Key Press","Keyboard F4","default_transform: | Key::Keyboard F4","default_transform:default_transform",""
"1","1","5","2","Delete","Key Press","Key Press","Key Press","L Ctrl+Keyboard Delete","default_transform: | Key::Keyboard Delete","default_transform:default_transform","L Ctrl"
"1","1","7","2","←","Key Press","Key Press","Key Press","Keyboard LeftArrow","default_transform: | Key::Keyboard LeftArrow","default_transform:default_transform",""
"1","1","8","2","↓","Key Press","Key Press","Key Press","Keyboard DownArrow","default_transform: | Key::Keyboard DownArrow","default_transform:default_transform",""
"1","1","9","2","↑","Key Press","Key Press","Key Press","Keyboard UpArrow","default_transform: | Key::Keyboard UpArrow","default_transform:default_transform",""
"1","1","10","2","→","Key Press","Key Press","Key Press","Keyboard RightArrow","default_transform: | Key::Keyboard RightArrow","default_transform:default_transform",""
"1","1","11","2","→","Key Press","Key Press","Key Press","L Ctrl+Keyboard RightArrow","default_transform: | Key::Keyboard RightArrow","default_transform:default_transform","L Ctrl"
"1","1","12","2","BkSp","Key Press","Key Press","Key Press","Keyboard Delete","default_transform: | Key::Keyboard Delete","default_transform:default_transform",""
"1","1","0","3","Ctrl","Key Press","Key Press","Key Press","Keyboard LeftControl","default_transform: | Key::Keyboard LeftControl","default_transform:default_transform",""
"1","1","1","3","F9","Key Press","Key Press","Key Press","Keyboard F9","default_transform: | Key::Keyboard F9","default_transform:default_transform",""
"1","1","2","3","F10","Key Press","Key Press","Key Press","Keyboard F10","default_transform: | Key::Keyboard F10","default_transform:default_transform",""
"1","1","3","3","F11","Key Press","Key Press","Key Press","Keyboard F11","default_transform: | Key::Keyboard F11","default_transform:default_transform",""
"1","1","4","3","F12","Key Press","Key Press","Key Press","Keyboard F12","default_transform: | Key::Keyboard F12","default_transform:default_transform",""
"1","1","5","3","H","Key Press","Key Press","Key Press","L Ctrl+Keyboard H","default_transform: | Key::Keyboard H","default_transform:default_transform","L Ctrl"
"1","1","7","3","C","Key Press","Key Press","Key Press","Keyboard C","default_transform: | Key::Keyboard C","default_transform:default_transform","L Ctrl"
"1","1","8","3","V","Key Press","Key Press","Key Press","Keyboard V","default_transform: | Key::Keyboard V","default_transform:default_transform","L Ctrl"
"1","1","9","3","Z","Key Press","Key Press","Key Press","Keyboard Z","default_transform: | Key::Keyboard Z","default_transform:default_transform","L Ctrl"
"1","1","10","3","S","Key Press","Key Press","Key Press","Keyboard S","default_transform: | Key::Keyboard S","default_transform:default_transform","L Ctrl"
"1","1","11","3","X","Key Press","Key Press","Key Press","Keyboard X","default_transform: | Key::Keyboard X","default_transform:default_transform","L Ctrl"
"1","1","12","3","Y","Key Press","Key Press","Key Press","Keyboard Y","default_transform: | Key::Keyboard Y","default_transform:default_transform","L Ctrl"
"1","1","3","4","Alt","Key Press","Key Press","Key Press","Keyboard LeftAlt","default_transform: | Key::Keyboard LeftAlt","default_transform:default_transform",""
"1","1","4","4","␣","Key Press","Key Press","Key Press","Keyboard Spacebar","default_transform: | Key::Keyboard Spacebar","default_transform:default_transform",""
"1","1","5","4","To Layer","To Layer","To Layer","To Layer","default_transform","default_transform:","default_transform:default_transform | Layer::0",""
"1","1","7","4","None","None","None","None","default_transform","default_transform:","default_transform:default_transform",""
"1","1","8","4","None","None","None","None","default_transform","default_transform:","default_transform:default_transform",""
"1","1","4","5","Mouse Key Press","Mouse Key Press","Mouse Key Press","Mouse Key Press","default_transform","default_transform:","default_transform:default_transform | select:MB1",""
"1","1","5","5","Mouse Key Press","Mouse Key Press","Mouse Key Press","Mouse Key Press","default_transform","default_transform:","default_transform:default_transform | select:MB2",""
"1","1","7","5","Ret","Key Press","Key Press","Key Press","Keyboard Return Enter","default_transform: | Key::Keyboard Return Enter","default_transform:default_transform",""
"2","2","0","0","Transparent","Transparent","Transparent","Transparent","default_transform","default_transform:","default_transform:default_transform",""
"2","2","1","0","Transparent","Transparent","Transparent","Transparent","default_transform","default_transform:","default_transform:default_transform",""
"2","2","2","0","Transparent","Transparent","Transparent","Transparent","default_transform","default_transform:","default_transform:default_transform",""
"2","2","3","0","Mouse Key Press","Mouse Key Press","Mouse Key Press","Mouse Key Press","default_transform","default_transform:","default_transform:default_transform | select:MB4",""
"2","2","4","0","Mouse Key Press","Mouse Key Press","Mouse Key Press","Mouse Key Press","default_transform","default_transform:","default_transform:default_transform | select:MB5",""
"2","2","5","0","Transparent","Transparent","Transparent","Transparent","default_transform","default_transform:","default_transform:default_transform",""
"2","2","7","0","Transparent","Transparent","Transparent","Transparent","default_transform","default_transform:","default_transform:default_transform",""
"2","2","8","0","Transparent","Transparent","Transparent","Transparent","default_transform","default_transform:","default_transform:default_transform",""
"2","2","9","0","Transparent","Transparent","Transparent","Transparent","default_transform","default_transform:","default_transform:default_transform",""
"2","2","10","0","Transparent","Transparent","Transparent","Transparent","default_transform","default_transform:","default_transform:default_transform",""
"2","2","11","0","Transparent","Transparent","Transparent","Transparent","default_transform","default_transform:","default_transform:default_transform",""
"2","2","12","0","Transparent","Transparent","Transparent","Transparent","default_transform","default_transform:","default_transform:default_transform",""
"2","2","0","1","Transparent","Transparent","Transparent","Transparent","default_transform","default_transform:","default_transform:default_transform",""
"2","2","1","1","Transparent","Transparent","Transparent","Transparent","default_transform","default_transform:","default_transform:default_transform",""
"2","2","2","1","Transparent","Transparent","Transparent","Transparent","default_transform","default_transform:","default_transform:default_transform",""
"2","2","3","1","Transparent","Transparent","Transparent","Transparent","default_transform","default_transform:","default_transform:default_transform",""
"2","2","4","1","Transparent","Transparent","Transparent","Transparent","default_transform","default_transform:","default_transform:default_transform",""
"2","2","5","1","Transparent","Transparent","Transparent","Transparent","default_transform","default_transform:","default_transform:default_transform",""
"2","2","7","1","Transparent","Transparent","Transparent","Transparent","default_transform","default_transform:","default_transform:default_transform",""
"2","2","8","1","Transparent","Transparent","Transparent","Transparent","default_transform","default_transform:","default_transform:default_transform",""
"2","2","9","1","Transparent","Transparent","Transparent","Transparent","default_transform","default_transform:","default_transform:default_transform",""
"2","2","10","1","Transparent","Transparent","Transparent","Transparent","default_transform","default_transform:","default_transform:default_transform",""
"2","2","11","1","Transparent","Transparent","Transparent","Transparent","default_transform","default_transform:","default_transform:default_transform",""
"2","2","12","1","Transparent","Transparent","Transparent","Transparent","default_transform","default_transform:","default_transform:default_transform",""
"2","2","0","2","Transparent","Transparent","Transparent","Transparent","default_transform","default_transform:","default_transform:default_transform",""
"2","2","1","2","Transparent","Transparent","Transparent","Transparent","default_transform","default_transform:","default_transform:default_transform",""
"2","2","2","2","Transparent","Transparent","Transparent","Transparent","default_transform","default_transform:","default_transform:default_transform",""
"2","2","3","2","Transparent","Transparent","Transparent","Transparent","default_transform","default_transform:","default_transform:default_transform",""
"2","2","4","2","Transparent","Transparent","Transparent","Transparent","default_transform","default_transform:","default_transform:default_transform",""
"2","2","5","2","Transparent","Transparent","Transparent","Transparent","default_transform","default_transform:","default_transform:default_transform",""
"2","2","7","2","Mouse Key Press","Mouse Key Press","Mouse Key Press","Mouse Key Press","default_transform","default_transform:","default_transform:default_transform | select:MB4",""
"2","2","8","2","Mouse Key Press","Mouse Key Press","Mouse Key Press","Mouse Key Press","default_transform","default_transform:","default_transform:default_transform | select:MB1",""
"2","2","9","2","Mouse Key Press","Mouse Key Press","Mouse Key Press","Mouse Key Press","default_transform","default_transform:","default_transform:default_transform | select:MB2",""
"2","2","10","2","Mouse Key Press","Mouse Key Press","Mouse Key Press","Mouse Key Press","default_transform","default_transform:","default_transform:default_transform | select:MB3",""
"2","2","11","2","Mouse Key Press","Mouse Key Press","Mouse Key Press","Mouse Key Press","default_transform","default_transform:","default_transform:default_transform | select:MB5",""
"2","2","12","2","Transparent","Transparent","Transparent","Transparent","default_transform","default_transform:","default_transform:default_transform",""
"2","2","0","3","Transparent","Transparent","Transparent","Transparent","default_transform","default_transform:","default_transform:default_transform",""
"2","2","1","3","Transparent","Transparent","Transparent","Transparent","default_transform","default_transform:","default_transform:default_transform",""
"2","2","2","3","Transparent","Transparent","Transparent","Transparent","default_transform","default_transform:","default_transform:default_transform",""
"2","2","3","3","Transparent","Transparent","Transparent","Transparent","default_transform","default_transform:","default_transform:default_transform",""
"2","2","4","3","Transparent","Transparent","Transparent","Transparent","default_transform","default_transform:","default_transform:default_transform",""
"2","2","5","3","Transparent","Transparent","Transparent","Transparent","default_transform","default_transform:","default_transform:default_transform",""
"2","2","7","3","Transparent","Transparent","Transparent","Transparent","default_transform","default_transform:","default_transform:default_transform",""
"2","2","8","3","Transparent","Transparent","Transparent","Transparent","default_transform","default_transform:","default_transform:default_transform",""
"2","2","9","3","Transparent","Transparent","Transparent","Transparent","default_transform","default_transform:","default_transform:default_transform",""
"2","2","10","3","Transparent","Transparent","Transparent","Transparent","default_transform","default_transform:","default_transform:default_transform",""
"2","2","11","3","Transparent","Transparent","Transparent","Transparent","default_transform","default_transform:","default_transform:default_transform",""
"2","2","12","3","Transparent","Transparent","Transparent","Transparent","default_transform","default_transform:","default_transform:default_transform",""
"2","2","3","4","Transparent","Transparent","Transparent","Transparent","default_transform","default_transform:","default_transform:default_transform",""
"2","2","4","4","Transparent","Transparent","Transparent","Transparent","default_transform","default_transform:","default_transform:default_transform",""
"2","2","5","4","To Layer","To Layer","To Layer","To Layer","default_transform","default_transform:","default_transform:default_transform | Layer::0",""
"2","2","7","4","Base","To Layer","To Layer","To Layer","default_transform","default_transform:","default_transform:default_transform | Layer::0",""
"2","2","8","4","Base","To Layer","To Layer","To Layer","default_transform","default_transform:","default_transform:default_transform | Layer::0",""
"2","2","4","5","Mouse Key Press","Mouse Key Press","Mouse Key Press","Mouse Key Press","default_transform","default_transform:","default_transform:default_transform | select:MB1",""
"2","2","5","5","Mouse Key Press","Mouse Key Press","Mouse Key Press","Mouse Key Press","default_transform","default_transform:","default_transform:default_transform | select:MB2",""
"2","2","7","5","Mouse Key Press","Mouse Key Press","Mouse Key Press","Mouse Key Press","default_transform","default_transform:","default_transform:default_transform | select:MB3",""
"3","3","0","0","Transparent","Transparent","Transparent","Transparent","default_transform","default_transform:","default_transform:default_transform",""
"3","3","1","0","Transparent","Transparent","Transparent","Transparent","default_transform","default_transform:","default_transform:default_transform",""
"3","3","2","0","Transparent","Transparent","Transparent","Transparent","default_transform","default_transform:","default_transform:default_transform",""
"3","3","3","0","Transparent","Transparent","Transparent","Transparent","default_transform","default_transform:","default_transform:default_transform",""
"3","3","4","0","Transparent","Transparent","Transparent","Transparent","default_transform","default_transform:","default_transform:default_transform",""
"3","3","5","0","Transparent","Transparent","Transparent","Transparent","default_transform","default_transform:","default_transform:default_transform",""
"3","3","7","0","Transparent","Transparent","Transparent","Transparent","default_transform","default_transform:","default_transform:default_transform",""
"3","3","8","0","Transparent","Transparent","Transparent","Transparent","default_transform","default_transform:","default_transform:default_transform",""
"3","3","9","0","Transparent","Transparent","Transparent","Transparent","default_transform","default_transform:","default_transform:default_transform",""
"3","3","10","0","Transparent","Transparent","Transparent","Transparent","default_transform","default_transform:","default_transform:default_transform",""
"3","3","11","0","Transparent","Transparent","Transparent","Transparent","default_transform","default_transform:","default_transform:default_transform",""
"3","3","12","0","Transparent","Transparent","Transparent","Transparent","default_transform","default_transform:","default_transform:default_transform",""
"3","3","0","1","Transparent","Transparent","Transparent","Transparent","default_transform","default_transform:","default_transform:default_transform",""
"3","3","1","1","␣","Key Press","Key Press","Key Press","Keyboard Spacebar","default_transform: | Key::Keyboard Spacebar","default_transform:default_transform","L Alt"
"3","3","2","1","V","Key Press","Key Press","Key Press","Keyboard V","default_transform: | Key::Keyboard V","default_transform:default_transform","L GUI"
"3","3","3","1","S","Key Press","Key Press","Key Press","Keyboard S","default_transform: | Key::Keyboard S","default_transform:default_transform","L Shift+L GUI"
"3","3","4","1","D","Key Press","Key Press","Key Press","Keyboard D","default_transform: | Key::Keyboard D","default_transform:default_transform","L GUI"
"3","3","5","1","←","Key Press","Key Press","Key Press","L GUI+L Shift+Keyboard LeftArrow","default_transform: | Key::Keyboard LeftArrow","default_transform:default_transform","L GUI+L Shift"
"3","3","7","1","←","Key Press","Key Press","Key Press","Keyboard LeftArrow","default_transform: | Key::Keyboard LeftArrow","default_transform:default_transform","L Shift+L GUI"
"3","3","8","1","`","Key Press","Key Press","Key Press","Keyboard Grave Accent and Tilde","default_transform: | Key::Keyboard Grave Accent and Tilde","default_transform:default_transform","L Shift+L GUI"
"3","3","9","1","→","Key Press","Key Press","Key Press","Keyboard RightArrow","default_transform: | Key::Keyboard RightArrow","default_transform:default_transform","L Shift+L GUI"
"3","3","10","1","Transparent","Transparent","Transparent","Transparent","default_transform","default_transform:","default_transform:default_transform",""
"3","3","11","1","Transparent","Transparent","Transparent","Transparent","default_transform","default_transform:","default_transform:default_transform",""
"3","3","12","1","Transparent","Transparent","Transparent","Transparent","default_transform","default_transform:","default_transform:default_transform",""
"3","3","0","2","Transparent","Transparent","Transparent","Transparent","default_transform","default_transform:","default_transform:default_transform",""
"3","3","1","2","1","Key Press","Key Press","Key Press","Keyboard 1 and Bang","default_transform: | Key::Keyboard 1 and Bang","default_transform:default_transform","L GUI"
"3","3","2","2","2","Key Press","Key Press","Key Press","Keyboard 2 and At","default_transform: | Key::Keyboard 2 and At","default_transform:default_transform","L GUI"
"3","3","3","2","3","Key Press","Key Press","Key Press","Keyboard 3 and Hash","default_transform: | Key::Keyboard 3 and Hash","default_transform:default_transform","L GUI"
"3","3","4","2","4","Key Press","Key Press","Key Press","Keyboard 4 and Dollar","default_transform: | Key::Keyboard 4 and Dollar","default_transform:default_transform","L GUI"
"3","3","5","2","5","Key Press","Key Press","Key Press","Keyboard 5 and Percent","default_transform: | Key::Keyboard 5 and Percent","default_transform:default_transform","L GUI"
"3","3","7","2","←","Key Press","Key Press","Key Press","Keyboard LeftArrow","default_transform: | Key::Keyboard LeftArrow","default_transform:default_transform","L Ctrl+L GUI"
"3","3","8","2","Tab","Key Press","Key Press","Key Press","Keyboard Tab","default_transform: | Key::Keyboard Tab","default_transform:default_transform","L GUI"
"3","3","9","2","→","Key Press","Key Press","Key Press","Keyboard RightArrow","default_transform: | Key::Keyboard RightArrow","default_transform:default_transform","L Ctrl+L GUI"
"3","3","10","2","Mouse Lock","To Layer","To Layer","To Layer","default_transform","default_transform:","default_transform:default_transform | Layer::2",""
"3","3","11","2","Ptr Travel","Toggle Layer","Toggle Layer","Toggle Layer","default_transform","default_transform:","default_transform:default_transform | Layer::8",""
"3","3","12","2","Game","To Layer","To Layer","To Layer","default_transform","default_transform:","default_transform:default_transform | Layer::7",""
"3","3","0","3","Transparent","Transparent","Transparent","Transparent","default_transform","default_transform:","default_transform:default_transform",""
"3","3","1","3","←","Key Press","Key Press","Key Press","Keyboard LeftArrow","default_transform: | Key::Keyboard LeftArrow","default_transform:default_transform","L GUI"
"3","3","2","3","↑","Key Press","Key Press","Key Press","Keyboard UpArrow","default_transform: | Key::Keyboard UpArrow","default_transform:default_transform","L GUI"
"3","3","3","3","↓","Key Press","Key Press","Key Press","Keyboard DownArrow","default_transform: | Key::Keyboard DownArrow","default_transform:default_transform","L GUI"
"3","3","4","3","→","Key Press","Key Press","Key Press","Keyboard RightArrow","default_transform: | Key::Keyboard RightArrow","default_transform:default_transform","L GUI"
"3","3","5","3","→","Key Press","Key Press","Key Press","L GUI+L Shift+Keyboard RightArrow","default_transform: | Key::Keyboard RightArrow","default_transform:default_transform","L GUI+L Shift"
"3","3","7","3","Tab","Key Press","Key Press","Key Press","Keyboard Tab","default_transform: | Key::Keyboard Tab","default_transform:default_transform","L Alt"
"3","3","8","3","D","Key Press","Key Press","Key Press","Keyboard D","default_transform: | Key::Keyboard D","default_transform:default_transform","L Ctrl+L GUI"
"3","3","9","3","F4","Key Press","Key Press","Key Press","Keyboard F4","default_transform: | Key::Keyboard F4","default_transform:default_transform","L Ctrl+L GUI"
"3","3","10","3","Tab","Key Press","Key Press","Key Press","Keyboard Tab","default_transform: | Key::Keyboard Tab","default_transform:default_transform","L GUI"
"3","3","11","3","Transparent","Transparent","Transparent","Transparent","default_transform","default_transform:","default_transform:default_transform",""
"3","3","12","3","Transparent","Transparent","Transparent","Transparent","default_transform","default_transform:","default_transform:default_transform",""
"3","3","3","4","Transparent","Transparent","Transparent","Transparent","default_transform","default_transform:","default_transform:default_transform",""
"3","3","4","4","Transparent","Transparent","Transparent","Transparent","default_transform","default_transform:","default_transform:default_transform",""
"3","3","5","4","Transparent","Transparent","Transparent","Transparent","default_transform","default_transform:","default_transform:default_transform",""
"3","3","7","4","Transparent","Transparent","Transparent","Transparent","default_transform","default_transform:","default_transform:default_transform",""
"3","3","8","4","Transparent","Transparent","Transparent","Transparent","default_transform","default_transform:","default_transform:default_transform",""
"3","3","4","5","Transparent","Transparent","Transparent","Transparent","default_transform","default_transform:","default_transform:default_transform",""
"3","3","5","5","Transparent","Transparent","Transparent","Transparent","default_transform","default_transform:","default_transform:default_transform",""
"3","3","7","5","Transparent","Transparent","Transparent","Transparent","default_transform","default_transform:","default_transform:default_transform",""
"4","4","0","0","Bluetooth","Bluetooth","Bluetooth","Bluetooth","default_transform 0","default_transform: | Profile::0","default_transform:default_transform | select:Select Profile",""
"4","4","1","0","Bluetooth","Bluetooth","Bluetooth","Bluetooth","default_transform 1","default_transform: | Profile::1","default_transform:default_transform | select:Select Profile",""
"4","4","2","0","Bluetooth","Bluetooth","Bluetooth","Bluetooth","default_transform 2","default_transform: | Profile::2","default_transform:default_transform | select:Select Profile",""
"4","4","3","0","Bluetooth","Bluetooth","Bluetooth","Bluetooth","default_transform 3","default_transform: | Profile::3","default_transform:default_transform | select:Select Profile",""
"4","4","4","0","Bluetooth","Bluetooth","Bluetooth","Bluetooth","default_transform 4","default_transform: | Profile::4","default_transform:default_transform | select:Select Profile",""
"4","4","5","0","Bluetooth","Bluetooth","Bluetooth","Bluetooth","default_transform","default_transform:","default_transform:default_transform | select:Clear Selected Profile",""
"4","4","7","0","Output Selection","Output Selection","Output Selection","Output Selection","default_transform","default_transform:","default_transform:default_transform | select:BLE Output",""
"4","4","8","0","Output Selection","Output Selection","Output Selection","Output Selection","default_transform","default_transform:","default_transform:default_transform | select:USB Output",""
"4","4","9","0","Output Selection","Output Selection","Output Selection","Output Selection","default_transform","default_transform:","default_transform:default_transform | select:Toggle Outputs",""
"4","4","10","0","Studio Unlock","Studio Unlock","Studio Unlock","Studio Unlock","default_transform","default_transform:","default_transform:default_transform",""
"4","4","11","0","Reset","Reset","Reset","Reset","default_transform","default_transform:","default_transform:default_transform",""
"4","4","12","0","Bootloader","Bootloader","Bootloader","Bootloader","default_transform","default_transform:","default_transform:default_transform",""
"4","4","0","1","F13","Key Press","Key Press","Key Press","Keyboard F13","default_transform: | Key::Keyboard F13","default_transform:default_transform",""
"4","4","1","1","F13","Key Press","Key Press","Key Press","Keyboard F13","default_transform: | Key::Keyboard F13","default_transform:default_transform",""
"4","4","2","1","F14","Key Press","Key Press","Key Press","Keyboard F14","default_transform: | Key::Keyboard F14","default_transform:default_transform",""
"4","4","3","1","F15","Key Press","Key Press","Key Press","Keyboard F15","default_transform: | Key::Keyboard F15","default_transform:default_transform",""
"4","4","4","1","F16","Key Press","Key Press","Key Press","Keyboard F16","default_transform: | Key::Keyboard F16","default_transform:default_transform",""
"4","4","5","1","F18","Key Press","Key Press","Key Press","Keyboard F18","default_transform: | Key::Keyboard F18","default_transform:default_transform",""
"4","4","7","1","Transparent","Transparent","Transparent","Transparent","default_transform","default_transform:","default_transform:default_transform",""
"4","4","8","1","Transparent","Transparent","Transparent","Transparent","default_transform","default_transform:","default_transform:default_transform",""
"4","4","9","1","Transparent","Transparent","Transparent","Transparent","default_transform","default_transform:","default_transform:default_transform",""
"4","4","10","1","Transparent","Transparent","Transparent","Transparent","default_transform","default_transform:","default_transform:default_transform",""
"4","4","11","1","Transparent","Transparent","Transparent","Transparent","default_transform","default_transform:","default_transform:default_transform",""
"4","4","12","1","Transparent","Transparent","Transparent","Transparent","default_transform","default_transform:","default_transform:default_transform",""
"4","4","0","2","Transparent","Transparent","Transparent","Transparent","default_transform","default_transform:","default_transform:default_transform",""
"4","4","1","2","F19","Key Press","Key Press","Key Press","Keyboard F19","default_transform: | Key::Keyboard F19","default_transform:default_transform",""
"4","4","2","2","F20","Key Press","Key Press","Key Press","Keyboard F20","default_transform: | Key::Keyboard F20","default_transform:default_transform",""
"4","4","3","2","F21","Key Press","Key Press","Key Press","Keyboard F21","default_transform: | Key::Keyboard F21","default_transform:default_transform",""
"4","4","4","2","F22","Key Press","Key Press","Key Press","Keyboard F22","default_transform: | Key::Keyboard F22","default_transform:default_transform",""
"4","4","5","2","F22","Key Press","Key Press","Key Press","Keyboard F22","default_transform: | Key::Keyboard F22","default_transform:default_transform",""
"4","4","7","2","Transparent","Transparent","Transparent","Transparent","default_transform","default_transform:","default_transform:default_transform",""
"4","4","8","2","Transparent","Transparent","Transparent","Transparent","default_transform","default_transform:","default_transform:default_transform",""
"4","4","9","2","Transparent","Transparent","Transparent","Transparent","default_transform","default_transform:","default_transform:default_transform",""
"4","4","10","2","Transparent","Transparent","Transparent","Transparent","default_transform","default_transform:","default_transform:default_transform",""
"4","4","11","2","Transparent","Transparent","Transparent","Transparent","default_transform","default_transform:","default_transform:default_transform",""
"4","4","12","2","Transparent","Transparent","Transparent","Transparent","default_transform","default_transform:","default_transform:default_transform",""
"4","4","0","3","Transparent","Transparent","Transparent","Transparent","default_transform","default_transform:","default_transform:default_transform",""
"4","4","1","3","F23","Key Press","Key Press","Key Press","Keyboard F23","default_transform: | Key::Keyboard F23","default_transform:default_transform",""
"4","4","2","3","F24","Key Press","Key Press","Key Press","Keyboard F24","default_transform: | Key::Keyboard F24","default_transform:default_transform",""
"4","4","3","3","F17","Key Press","Key Press","Key Press","Keyboard F17","default_transform: | Key::Keyboard F17","default_transform:default_transform",""
"4","4","4","3","F18","Key Press","Key Press","Key Press","Keyboard F18","default_transform: | Key::Keyboard F18","default_transform:default_transform",""
"4","4","5","3","Transparent","Transparent","Transparent","Transparent","default_transform","default_transform:","default_transform:default_transform",""
"4","4","7","3","Transparent","Transparent","Transparent","Transparent","default_transform","default_transform:","default_transform:default_transform",""
"4","4","8","3","Transparent","Transparent","Transparent","Transparent","default_transform","default_transform:","default_transform:default_transform",""
"4","4","9","3","Transparent","Transparent","Transparent","Transparent","default_transform","default_transform:","default_transform:default_transform",""
"4","4","10","3","Transparent","Transparent","Transparent","Transparent","default_transform","default_transform:","default_transform:default_transform",""
"4","4","11","3","Transparent","Transparent","Transparent","Transparent","default_transform","default_transform:","default_transform:default_transform",""
"4","4","12","3","Transparent","Transparent","Transparent","Transparent","default_transform","default_transform:","default_transform:default_transform",""
"4","4","3","4","Transparent","Transparent","Transparent","Transparent","default_transform","default_transform:","default_transform:default_transform",""
"4","4","4","4","Transparent","Transparent","Transparent","Transparent","default_transform","default_transform:","default_transform:default_transform",""
"4","4","5","4","Transparent","Transparent","Transparent","Transparent","default_transform","default_transform:","default_transform:default_transform",""
"4","4","7","4","Transparent","Transparent","Transparent","Transparent","default_transform","default_transform:","default_transform:default_transform",""
"4","4","8","4","Transparent","Transparent","Transparent","Transparent","default_transform","default_transform:","default_transform:default_transform",""
"4","4","4","5","Transparent","Transparent","Transparent","Transparent","default_transform","default_transform:","default_transform:default_transform",""
"4","4","5","5","Transparent","Transparent","Transparent","Transparent","default_transform","default_transform:","default_transform:default_transform",""
"4","4","7","5","Transparent","Transparent","Transparent","Transparent","default_transform","default_transform:","default_transform:default_transform",""
"5","5","0","0","Transparent","Transparent","Transparent","Transparent","default_transform","default_transform:","default_transform:default_transform",""
"5","5","1","0","Transparent","Transparent","Transparent","Transparent","default_transform","default_transform:","default_transform:default_transform",""
"5","5","2","0","Transparent","Transparent","Transparent","Transparent","default_transform","default_transform:","default_transform:default_transform",""
"5","5","3","0","Transparent","Transparent","Transparent","Transparent","default_transform","default_transform:","default_transform:default_transform",""
"5","5","4","0","Transparent","Transparent","Transparent","Transparent","default_transform","default_transform:","default_transform:default_transform",""
"5","5","5","0","Transparent","Transparent","Transparent","Transparent","default_transform","default_transform:","default_transform:default_transform",""
"5","5","7","0","Transparent","Transparent","Transparent","Transparent","default_transform","default_transform:","default_transform:default_transform",""
"5","5","8","0","Transparent","Transparent","Transparent","Transparent","default_transform","default_transform:","default_transform:default_transform",""
"5","5","9","0","Transparent","Transparent","Transparent","Transparent","default_transform","default_transform:","default_transform:default_transform",""
"5","5","10","0","Transparent","Transparent","Transparent","Transparent","default_transform","default_transform:","default_transform:default_transform",""
"5","5","11","0","Transparent","Transparent","Transparent","Transparent","default_transform","default_transform:","default_transform:default_transform",""
"5","5","12","0","Transparent","Transparent","Transparent","Transparent","default_transform","default_transform:","default_transform:default_transform",""
"5","5","0","1","Transparent","Transparent","Transparent","Transparent","default_transform","default_transform:","default_transform:default_transform",""
"5","5","1","1","Transparent","Transparent","Transparent","Transparent","default_transform","default_transform:","default_transform:default_transform",""
"5","5","2","1","Transparent","Transparent","Transparent","Transparent","default_transform","default_transform:","default_transform:default_transform",""
"5","5","3","1","Transparent","Transparent","Transparent","Transparent","default_transform","default_transform:","default_transform:default_transform",""
"5","5","4","1","Transparent","Transparent","Transparent","Transparent","default_transform","default_transform:","default_transform:default_transform",""
"5","5","5","1","Transparent","Transparent","Transparent","Transparent","default_transform","default_transform:","default_transform:default_transform",""
"5","5","7","1","Transparent","Transparent","Transparent","Transparent","default_transform","default_transform:","default_transform:default_transform",""
"5","5","8","1","Transparent","Transparent","Transparent","Transparent","default_transform","default_transform:","default_transform:default_transform",""
"5","5","9","1","Transparent","Transparent","Transparent","Transparent","default_transform","default_transform:","default_transform:default_transform",""
"5","5","10","1","Transparent","Transparent","Transparent","Transparent","default_transform","default_transform:","default_transform:default_transform",""
"5","5","11","1","Transparent","Transparent","Transparent","Transparent","default_transform","default_transform:","default_transform:default_transform",""
"5","5","12","1","Transparent","Transparent","Transparent","Transparent","default_transform","default_transform:","default_transform:default_transform",""
"5","5","0","2","Transparent","Transparent","Transparent","Transparent","default_transform","default_transform:","default_transform:default_transform",""
"5","5","1","2","Transparent","Transparent","Transparent","Transparent","default_transform","default_transform:","default_transform:default_transform",""
"5","5","2","2","Transparent","Transparent","Transparent","Transparent","default_transform","default_transform:","default_transform:default_transform",""
"5","5","3","2","Transparent","Transparent","Transparent","Transparent","default_transform","default_transform:","default_transform:default_transform",""
"5","5","4","2","Transparent","Transparent","Transparent","Transparent","default_transform","default_transform:","default_transform:default_transform",""
"5","5","5","2","Transparent","Transparent","Transparent","Transparent","default_transform","default_transform:","default_transform:default_transform",""
"5","5","7","2","Transparent","Transparent","Transparent","Transparent","default_transform","default_transform:","default_transform:default_transform",""
"5","5","8","2","Transparent","Transparent","Transparent","Transparent","default_transform","default_transform:","default_transform:default_transform",""
"5","5","9","2","Transparent","Transparent","Transparent","Transparent","default_transform","default_transform:","default_transform:default_transform",""
"5","5","10","2","Transparent","Transparent","Transparent","Transparent","default_transform","default_transform:","default_transform:default_transform",""
"5","5","11","2","Transparent","Transparent","Transparent","Transparent","default_transform","default_transform:","default_transform:default_transform",""
"5","5","12","2","Transparent","Transparent","Transparent","Transparent","default_transform","default_transform:","default_transform:default_transform",""
"5","5","0","3","Transparent","Transparent","Transparent","Transparent","default_transform","default_transform:","default_transform:default_transform",""
"5","5","1","3","Transparent","Transparent","Transparent","Transparent","default_transform","default_transform:","default_transform:default_transform",""
"5","5","2","3","Transparent","Transparent","Transparent","Transparent","default_transform","default_transform:","default_transform:default_transform",""
"5","5","3","3","Transparent","Transparent","Transparent","Transparent","default_transform","default_transform:","default_transform:default_transform",""
"5","5","4","3","Transparent","Transparent","Transparent","Transparent","default_transform","default_transform:","default_transform:default_transform",""
"5","5","5","3","Transparent","Transparent","Transparent","Transparent","default_transform","default_transform:","default_transform:default_transform",""
"5","5","7","3","Transparent","Transparent","Transparent","Transparent","default_transform","default_transform:","default_transform:default_transform",""
"5","5","8","3","Transparent","Transparent","Transparent","Transparent","default_transform","default_transform:","default_transform:default_transform",""
"5","5","9","3","Transparent","Transparent","Transparent","Transparent","default_transform","default_transform:","default_transform:default_transform",""
"5","5","10","3","Transparent","Transparent","Transparent","Transparent","default_transform","default_transform:","default_transform:default_transform",""
"5","5","11","3","Transparent","Transparent","Transparent","Transparent","default_transform","default_transform:","default_transform:default_transform",""
"5","5","12","3","Transparent","Transparent","Transparent","Transparent","default_transform","default_transform:","default_transform:default_transform",""
"5","5","3","4","Transparent","Transparent","Transparent","Transparent","default_transform","default_transform:","default_transform:default_transform",""
"5","5","4","4","Transparent","Transparent","Transparent","Transparent","default_transform","default_transform:","default_transform:default_transform",""
"5","5","5","4","Transparent","Transparent","Transparent","Transparent","default_transform","default_transform:","default_transform:default_transform",""
"5","5","7","4","Transparent","Transparent","Transparent","Transparent","default_transform","default_transform:","default_transform:default_transform",""
"5","5","8","4","Transparent","Transparent","Transparent","Transparent","default_transform","default_transform:","default_transform:default_transform",""
"5","5","4","5","Transparent","Transparent","Transparent","Transparent","default_transform","default_transform:","default_transform:default_transform",""
"5","5","5","5","Transparent","Transparent","Transparent","Transparent","default_transform","default_transform:","default_transform:default_transform",""
"5","5","7","5","Transparent","Transparent","Transparent","Transparent","default_transform","default_transform:","default_transform:default_transform",""
"6","6","0","0","Transparent","Transparent","Transparent","Transparent","default_transform","default_transform:","default_transform:default_transform",""
"6","6","1","0","Transparent","Transparent","Transparent","Transparent","default_transform","default_transform:","default_transform:default_transform",""
"6","6","2","0","Transparent","Transparent","Transparent","Transparent","default_transform","default_transform:","default_transform:default_transform",""
"6","6","3","0","Transparent","Transparent","Transparent","Transparent","default_transform","default_transform:","default_transform:default_transform",""
"6","6","4","0","Transparent","Transparent","Transparent","Transparent","default_transform","default_transform:","default_transform:default_transform",""
"6","6","5","0","Transparent","Transparent","Transparent","Transparent","default_transform","default_transform:","default_transform:default_transform",""
"6","6","7","0","Transparent","Transparent","Transparent","Transparent","default_transform","default_transform:","default_transform:default_transform",""
"6","6","8","0","Transparent","Transparent","Transparent","Transparent","default_transform","default_transform:","default_transform:default_transform",""
"6","6","9","0","Transparent","Transparent","Transparent","Transparent","default_transform","default_transform:","default_transform:default_transform",""
"6","6","10","0","Transparent","Transparent","Transparent","Transparent","default_transform","default_transform:","default_transform:default_transform",""
"6","6","11","0","Transparent","Transparent","Transparent","Transparent","default_transform","default_transform:","default_transform:default_transform",""
"6","6","12","0","Transparent","Transparent","Transparent","Transparent","default_transform","default_transform:","default_transform:default_transform",""
"6","6","0","1","Transparent","Transparent","Transparent","Transparent","default_transform","default_transform:","default_transform:default_transform",""
"6","6","1","1","Transparent","Transparent","Transparent","Transparent","default_transform","default_transform:","default_transform:default_transform",""
"6","6","2","1","Transparent","Transparent","Transparent","Transparent","default_transform","default_transform:","default_transform:default_transform",""
"6","6","3","1","Transparent","Transparent","Transparent","Transparent","default_transform","default_transform:","default_transform:default_transform",""
"6","6","4","1","Transparent","Transparent","Transparent","Transparent","default_transform","default_transform:","default_transform:default_transform",""
"6","6","5","1","Transparent","Transparent","Transparent","Transparent","default_transform","default_transform:","default_transform:default_transform",""
"6","6","7","1","Transparent","Transparent","Transparent","Transparent","default_transform","default_transform:","default_transform:default_transform",""
"6","6","8","1","Transparent","Transparent","Transparent","Transparent","default_transform","default_transform:","default_transform:default_transform",""
"6","6","9","1","Transparent","Transparent","Transparent","Transparent","default_transform","default_transform:","default_transform:default_transform",""
"6","6","10","1","Transparent","Transparent","Transparent","Transparent","default_transform","default_transform:","default_transform:default_transform",""
"6","6","11","1","Transparent","Transparent","Transparent","Transparent","default_transform","default_transform:","default_transform:default_transform",""
"6","6","12","1","Transparent","Transparent","Transparent","Transparent","default_transform","default_transform:","default_transform:default_transform",""
"6","6","0","2","Transparent","Transparent","Transparent","Transparent","default_transform","default_transform:","default_transform:default_transform",""
"6","6","1","2","Transparent","Transparent","Transparent","Transparent","default_transform","default_transform:","default_transform:default_transform",""
"6","6","2","2","Transparent","Transparent","Transparent","Transparent","default_transform","default_transform:","default_transform:default_transform",""
"6","6","3","2","Transparent","Transparent","Transparent","Transparent","default_transform","default_transform:","default_transform:default_transform",""
"6","6","4","2","Transparent","Transparent","Transparent","Transparent","default_transform","default_transform:","default_transform:default_transform",""
"6","6","5","2","Transparent","Transparent","Transparent","Transparent","default_transform","default_transform:","default_transform:default_transform",""
"6","6","7","2","Transparent","Transparent","Transparent","Transparent","default_transform","default_transform:","default_transform:default_transform",""
"6","6","8","2","Transparent","Transparent","Transparent","Transparent","default_transform","default_transform:","default_transform:default_transform",""
"6","6","9","2","Transparent","Transparent","Transparent","Transparent","default_transform","default_transform:","default_transform:default_transform",""
"6","6","10","2","Transparent","Transparent","Transparent","Transparent","default_transform","default_transform:","default_transform:default_transform",""
"6","6","11","2","Transparent","Transparent","Transparent","Transparent","default_transform","default_transform:","default_transform:default_transform",""
"6","6","12","2","Transparent","Transparent","Transparent","Transparent","default_transform","default_transform:","default_transform:default_transform",""
"6","6","0","3","Transparent","Transparent","Transparent","Transparent","default_transform","default_transform:","default_transform:default_transform",""
"6","6","1","3","Transparent","Transparent","Transparent","Transparent","default_transform","default_transform:","default_transform:default_transform",""
"6","6","2","3","Transparent","Transparent","Transparent","Transparent","default_transform","default_transform:","default_transform:default_transform",""
"6","6","3","3","Transparent","Transparent","Transparent","Transparent","default_transform","default_transform:","default_transform:default_transform",""
"6","6","4","3","Transparent","Transparent","Transparent","Transparent","default_transform","default_transform:","default_transform:default_transform",""
"6","6","5","3","Transparent","Transparent","Transparent","Transparent","default_transform","default_transform:","default_transform:default_transform",""
"6","6","7","3","Transparent","Transparent","Transparent","Transparent","default_transform","default_transform:","default_transform:default_transform",""
"6","6","8","3","Transparent","Transparent","Transparent","Transparent","default_transform","default_transform:","default_transform:default_transform",""
"6","6","9","3","Transparent","Transparent","Transparent","Transparent","default_transform","default_transform:","default_transform:default_transform",""
"6","6","10","3","Transparent","Transparent","Transparent","Transparent","default_transform","default_transform:","default_transform:default_transform",""
"6","6","11","3","Transparent","Transparent","Transparent","Transparent","default_transform","default_transform:","default_transform:default_transform",""
"6","6","12","3","Transparent","Transparent","Transparent","Transparent","default_transform","default_transform:","default_transform:default_transform",""
"6","6","3","4","Transparent","Transparent","Transparent","Transparent","default_transform","default_transform:","default_transform:default_transform",""
"6","6","4","4","Transparent","Transparent","Transparent","Transparent","default_transform","default_transform:","default_transform:default_transform",""
"6","6","5","4","Transparent","Transparent","Transparent","Transparent","default_transform","default_transform:","default_transform:default_transform",""
"6","6","7","4","Transparent","Transparent","Transparent","Transparent","default_transform","default_transform:","default_transform:default_transform",""
"6","6","8","4","Transparent","Transparent","Transparent","Transparent","default_transform","default_transform:","default_transform:default_transform",""
"6","6","4","5","Transparent","Transparent","Transparent","Transparent","default_transform","default_transform:","default_transform:default_transform",""
"6","6","5","5","Transparent","Transparent","Transparent","Transparent","default_transform","default_transform:","default_transform:default_transform",""
"6","6","7","5","Transparent","Transparent","Transparent","Transparent","default_transform","default_transform:","default_transform:default_transform",""
"7","7","0","0","Transparent","Transparent","Transparent","Transparent","default_transform","default_transform:","default_transform:default_transform",""
"7","7","1","0","Transparent","Transparent","Transparent","Transparent","default_transform","default_transform:","default_transform:default_transform",""
"7","7","2","0","Transparent","Transparent","Transparent","Transparent","default_transform","default_transform:","default_transform:default_transform",""
"7","7","3","0","Transparent","Transparent","Transparent","Transparent","default_transform","default_transform:","default_transform:default_transform",""
"7","7","4","0","Transparent","Transparent","Transparent","Transparent","default_transform","default_transform:","default_transform:default_transform",""
"7","7","5","0","Transparent","Transparent","Transparent","Transparent","default_transform","default_transform:","default_transform:default_transform",""
"7","7","7","0","Transparent","Transparent","Transparent","Transparent","default_transform","default_transform:","default_transform:default_transform",""
"7","7","8","0","Transparent","Transparent","Transparent","Transparent","default_transform","default_transform:","default_transform:default_transform",""
"7","7","9","0","Transparent","Transparent","Transparent","Transparent","default_transform","default_transform:","default_transform:default_transform",""
"7","7","10","0","Transparent","Transparent","Transparent","Transparent","default_transform","default_transform:","default_transform:default_transform",""
"7","7","11","0","Transparent","Transparent","Transparent","Transparent","default_transform","default_transform:","default_transform:default_transform",""
"7","7","12","0","Transparent","Transparent","Transparent","Transparent","default_transform","default_transform:","default_transform:default_transform",""
"7","7","0","1","Transparent","Transparent","Transparent","Transparent","default_transform","default_transform:","default_transform:default_transform",""
"7","7","1","1","9 PU","Key Press","Key Press","Key Press","Keypad 9 and PageUp","default_transform: | Key::Keypad 9 and PageUp","default_transform:default_transform",""
"7","7","2","1","↑","Key Press","Key Press","Key Press","Keyboard UpArrow","default_transform: | Key::Keyboard UpArrow","default_transform:default_transform",""
"7","7","3","1","3 PD","Key Press","Key Press","Key Press","Keypad 3 and PageDn","default_transform: | Key::Keypad 3 and PageDn","default_transform:default_transform",""
"7","7","4","1","Transparent","Transparent","Transparent","Transparent","default_transform","default_transform:","default_transform:default_transform",""
"7","7","5","1","Transparent","Transparent","Transparent","Transparent","default_transform","default_transform:","default_transform:default_transform",""
"7","7","7","1","9 PU","Key Press","Key Press","Key Press","Keypad 9 and PageUp","default_transform: | Key::Keypad 9 and PageUp","default_transform:default_transform",""
"7","7","8","1","Transparent","Transparent","Transparent","Transparent","default_transform","default_transform:","default_transform:default_transform",""
"7","7","9","1","↑","Key Press","Key Press","Key Press","Keyboard UpArrow","default_transform: | Key::Keyboard UpArrow","default_transform:default_transform",""
"7","7","10","1","Transparent","Transparent","Transparent","Transparent","default_transform","default_transform:","default_transform:default_transform",""
"7","7","11","1","3 PD","Key Press","Key Press","Key Press","Keypad 3 and PageDn","default_transform: | Key::Keypad 3 and PageDn","default_transform:default_transform",""
"7","7","12","1","Transparent","Transparent","Transparent","Transparent","default_transform","default_transform:","default_transform:default_transform",""
"7","7","0","2","Transparent","Transparent","Transparent","Transparent","default_transform","default_transform:","default_transform:default_transform",""
"7","7","1","2","←","Key Press","Key Press","Key Press","Keyboard LeftArrow","default_transform: | Key::Keyboard LeftArrow","default_transform:default_transform",""
"7","7","2","2","↓","Key Press","Key Press","Key Press","Keyboard DownArrow","default_transform: | Key::Keyboard DownArrow","default_transform:default_transform",""
"7","7","3","2","→","Key Press","Key Press","Key Press","Keyboard RightArrow","default_transform: | Key::Keyboard RightArrow","default_transform:default_transform",""
"7","7","4","2","Z","Key Press","Key Press","Key Press","Keyboard Z","default_transform: | Key::Keyboard Z","default_transform:default_transform",""
"7","7","5","2","Transparent","Transparent","Transparent","Transparent","default_transform","default_transform:","default_transform:default_transform",""
"7","7","7","2","Transparent","Transparent","Transparent","Transparent","default_transform","default_transform:","default_transform:default_transform",""
"7","7","8","2","←","Key Press","Key Press","Key Press","Keyboard LeftArrow","default_transform: | Key::Keyboard LeftArrow","default_transform:default_transform",""
"7","7","9","2","↓","Key Press","Key Press","Key Press","Keyboard DownArrow","default_transform: | Key::Keyboard DownArrow","default_transform:default_transform",""
"7","7","10","2","→","Key Press","Key Press","Key Press","Keyboard RightArrow","default_transform: | Key::Keyboard RightArrow","default_transform:default_transform",""
"7","7","11","2","Transparent","Transparent","Transparent","Transparent","default_transform","default_transform:","default_transform:default_transform",""
"7","7","12","2","Transparent","Transparent","Transparent","Transparent","default_transform","default_transform:","default_transform:default_transform",""
"7","7","0","3","Transparent","Transparent","Transparent","Transparent","default_transform","default_transform:","default_transform:default_transform",""
"7","7","1","3","X","Key Press","Key Press","Key Press","Keyboard X","default_transform: | Key::Keyboard X","default_transform:default_transform",""
"7","7","2","3","C","Key Press","Key Press","Key Press","Keyboard C","default_transform: | Key::Keyboard C","default_transform:default_transform",""
"7","7","3","3","Shft","Key Press","Key Press","Key Press","Keyboard LeftShift","default_transform: | Key::Keyboard LeftShift","default_transform:default_transform",""
"7","7","4","3","Esc","Key Press","Key Press","Key Press","Keyboard Escape","default_transform: | Key::Keyboard Escape","default_transform:default_transform",""
"7","7","5","3","Transparent","Transparent","Transparent","Transparent","default_transform","default_transform:","default_transform:default_transform",""
"7","7","7","3","Z","Key Press","Key Press","Key Press","Keyboard Z","default_transform: | Key::Keyboard Z","default_transform:default_transform",""
"7","7","8","3","X","Key Press","Key Press","Key Press","Keyboard X","default_transform: | Key::Keyboard X","default_transform:default_transform",""
"7","7","9","3","C","Key Press","Key Press","Key Press","Keyboard C","default_transform: | Key::Keyboard C","default_transform:default_transform",""
"7","7","10","3","Shft","Key Press","Key Press","Key Press","Keyboard LeftShift","default_transform: | Key::Keyboard LeftShift","default_transform:default_transform",""
"7","7","11","3","Esc","Key Press","Key Press","Key Press","Keyboard Escape","default_transform: | Key::Keyboard Escape","default_transform:default_transform",""
"7","7","12","3","Transparent","Transparent","Transparent","Transparent","default_transform","default_transform:","default_transform:default_transform",""
"7","7","3","4","Exit Base","To Layer","To Layer","To Layer","default_transform","default_transform:","default_transform:default_transform | Layer::0",""
"7","7","4","4","␣","Key Press","Key Press","Key Press","Keyboard Spacebar","default_transform: | Key::Keyboard Spacebar","default_transform:default_transform",""
"7","7","5","4","Exit Base","To Layer","To Layer","To Layer","default_transform","default_transform:","default_transform:default_transform | Layer::0",""
"7","7","7","4","Exit Base","To Layer","To Layer","To Layer","default_transform","default_transform:","default_transform:default_transform | Layer::0",""
"7","7","8","4","Exit Base","To Layer","To Layer","To Layer","default_transform","default_transform:","default_transform:default_transform | Layer::0",""
"7","7","4","5","Click","Mouse Key Press","Mouse Key Press","Mouse Key Press","default_transform","default_transform:","default_transform:default_transform | select:MB1",""
"7","7","5","5","Right Click","Mouse Key Press","Mouse Key Press","Mouse Key Press","default_transform","default_transform:","default_transform:default_transform | select:MB2",""
"7","7","7","5","Ret","Key Press","Key Press","Key Press","Keyboard Return Enter","default_transform: | Key::Keyboard Return Enter","default_transform:default_transform",""
"8","8","0","0","Transparent","Transparent","Transparent","Transparent","default_transform","default_transform:","default_transform:default_transform",""
"8","8","1","0","Transparent","Transparent","Transparent","Transparent","default_transform","default_transform:","default_transform:default_transform",""
"8","8","2","0","Transparent","Transparent","Transparent","Transparent","default_transform","default_transform:","default_transform:default_transform",""
"8","8","3","0","Transparent","Transparent","Transparent","Transparent","default_transform","default_transform:","default_transform:default_transform",""
"8","8","4","0","Transparent","Transparent","Transparent","Transparent","default_transform","default_transform:","default_transform:default_transform",""
"8","8","5","0","Transparent","Transparent","Transparent","Transparent","default_transform","default_transform:","default_transform:default_transform",""
"8","8","7","0","Transparent","Transparent","Transparent","Transparent","default_transform","default_transform:","default_transform:default_transform",""
"8","8","8","0","Transparent","Transparent","Transparent","Transparent","default_transform","default_transform:","default_transform:default_transform",""
"8","8","9","0","Transparent","Transparent","Transparent","Transparent","default_transform","default_transform:","default_transform:default_transform",""
"8","8","10","0","Transparent","Transparent","Transparent","Transparent","default_transform","default_transform:","default_transform:default_transform",""
"8","8","11","0","Transparent","Transparent","Transparent","Transparent","default_transform","default_transform:","default_transform:default_transform",""
"8","8","12","0","Transparent","Transparent","Transparent","Transparent","default_transform","default_transform:","default_transform:default_transform",""
"8","8","0","1","Transparent","Transparent","Transparent","Transparent","default_transform","default_transform:","default_transform:default_transform",""
"8","8","1","1","Transparent","Transparent","Transparent","Transparent","default_transform","default_transform:","default_transform:default_transform",""
"8","8","2","1","Transparent","Transparent","Transparent","Transparent","default_transform","default_transform:","default_transform:default_transform",""
"8","8","3","1","Transparent","Transparent","Transparent","Transparent","default_transform","default_transform:","default_transform:default_transform",""
"8","8","4","1","Transparent","Transparent","Transparent","Transparent","default_transform","default_transform:","default_transform:default_transform",""
"8","8","5","1","Transparent","Transparent","Transparent","Transparent","default_transform","default_transform:","default_transform:default_transform",""
"8","8","7","1","Transparent","Transparent","Transparent","Transparent","default_transform","default_transform:","default_transform:default_transform",""
"8","8","8","1","Transparent","Transparent","Transparent","Transparent","default_transform","default_transform:","default_transform:default_transform",""
"8","8","9","1","Transparent","Transparent","Transparent","Transparent","default_transform","default_transform:","default_transform:default_transform",""
"8","8","10","1","Transparent","Transparent","Transparent","Transparent","default_transform","default_transform:","default_transform:default_transform",""
"8","8","11","1","Transparent","Transparent","Transparent","Transparent","default_transform","default_transform:","default_transform:default_transform",""
"8","8","12","1","Transparent","Transparent","Transparent","Transparent","default_transform","default_transform:","default_transform:default_transform",""
"8","8","0","2","Transparent","Transparent","Transparent","Transparent","default_transform","default_transform:","default_transform:default_transform",""
"8","8","1","2","Transparent","Transparent","Transparent","Transparent","default_transform","default_transform:","default_transform:default_transform",""
"8","8","2","2","Transparent","Transparent","Transparent","Transparent","default_transform","default_transform:","default_transform:default_transform",""
"8","8","3","2","Transparent","Transparent","Transparent","Transparent","default_transform","default_transform:","default_transform:default_transform",""
"8","8","4","2","Transparent","Transparent","Transparent","Transparent","default_transform","default_transform:","default_transform:default_transform",""
"8","8","5","2","Transparent","Transparent","Transparent","Transparent","default_transform","default_transform:","default_transform:default_transform",""
"8","8","7","2","Transparent","Transparent","Transparent","Transparent","default_transform","default_transform:","default_transform:default_transform",""
"8","8","8","2","Transparent","Transparent","Transparent","Transparent","default_transform","default_transform:","default_transform:default_transform",""
"8","8","9","2","Transparent","Transparent","Transparent","Transparent","default_transform","default_transform:","default_transform:default_transform",""
"8","8","10","2","Transparent","Transparent","Transparent","Transparent","default_transform","default_transform:","default_transform:default_transform",""
"8","8","11","2","Transparent","Transparent","Transparent","Transparent","default_transform","default_transform:","default_transform:default_transform",""
"8","8","12","2","Transparent","Transparent","Transparent","Transparent","default_transform","default_transform:","default_transform:default_transform",""
"8","8","0","3","Transparent","Transparent","Transparent","Transparent","default_transform","default_transform:","default_transform:default_transform",""
"8","8","1","3","Transparent","Transparent","Transparent","Transparent","default_transform","default_transform:","default_transform:default_transform",""
"8","8","2","3","Transparent","Transparent","Transparent","Transparent","default_transform","default_transform:","default_transform:default_transform",""
"8","8","3","3","Transparent","Transparent","Transparent","Transparent","default_transform","default_transform:","default_transform:default_transform",""
"8","8","4","3","Transparent","Transparent","Transparent","Transparent","default_transform","default_transform:","default_transform:default_transform",""
"8","8","5","3","Transparent","Transparent","Transparent","Transparent","default_transform","default_transform:","default_transform:default_transform",""
"8","8","7","3","Transparent","Transparent","Transparent","Transparent","default_transform","default_transform:","default_transform:default_transform",""
"8","8","8","3","Transparent","Transparent","Transparent","Transparent","default_transform","default_transform:","default_transform:default_transform",""
"8","8","9","3","Transparent","Transparent","Transparent","Transparent","default_transform","default_transform:","default_transform:default_transform",""
"8","8","10","3","Transparent","Transparent","Transparent","Transparent","default_transform","default_transform:","default_transform:default_transform",""
"8","8","11","3","Transparent","Transparent","Transparent","Transparent","default_transform","default_transform:","default_transform:default_transform",""
"8","8","12","3","Transparent","Transparent","Transparent","Transparent","default_transform","default_transform:","default_transform:default_transform",""
"8","8","3","4","Transparent","Transparent","Transparent","Transparent","default_transform","default_transform:","default_transform:default_transform",""
"8","8","4","4","Transparent","Transparent","Transparent","Transparent","default_transform","default_transform:","default_transform:default_transform",""
"8","8","5","4","Transparent","Transparent","Transparent","Transparent","default_transform","default_transform:","default_transform:default_transform",""
"8","8","7","4","Exit Travel","To Layer","To Layer","To Layer","default_transform","default_transform:","default_transform:default_transform | Layer::0",""
"8","8","8","4","Exit Travel","To Layer","To Layer","To Layer","default_transform","default_transform:","default_transform:default_transform | Layer::0",""
"8","8","4","5","Transparent","Transparent","Transparent","Transparent","default_transform","default_transform:","default_transform:default_transform",""
"8","8","5","5","Transparent","Transparent","Transparent","Transparent","default_transform","default_transform:","default_transform:default_transform",""
"8","8","7","5","Transparent","Transparent","Transparent","Transparent","default_transform","default_transform:","default_transform:default_transform",""
"9","9","0","0","Transparent","Transparent","Transparent","Transparent","default_transform","default_transform:","default_transform:default_transform",""
"9","9","1","0","Transparent","Transparent","Transparent","Transparent","default_transform","default_transform:","default_transform:default_transform",""
"9","9","2","0","Transparent","Transparent","Transparent","Transparent","default_transform","default_transform:","default_transform:default_transform",""
"9","9","3","0","Transparent","Transparent","Transparent","Transparent","default_transform","default_transform:","default_transform:default_transform",""
"9","9","4","0","Transparent","Transparent","Transparent","Transparent","default_transform","default_transform:","default_transform:default_transform",""
"9","9","5","0","Transparent","Transparent","Transparent","Transparent","default_transform","default_transform:","default_transform:default_transform",""
"9","9","7","0","Transparent","Transparent","Transparent","Transparent","default_transform","default_transform:","default_transform:default_transform",""
"9","9","8","0","Transparent","Transparent","Transparent","Transparent","default_transform","default_transform:","default_transform:default_transform",""
"9","9","9","0","Transparent","Transparent","Transparent","Transparent","default_transform","default_transform:","default_transform:default_transform",""
"9","9","10","0","Transparent","Transparent","Transparent","Transparent","default_transform","default_transform:","default_transform:default_transform",""
"9","9","11","0","Transparent","Transparent","Transparent","Transparent","default_transform","default_transform:","default_transform:default_transform",""
"9","9","12","0","Transparent","Transparent","Transparent","Transparent","default_transform","default_transform:","default_transform:default_transform",""
"9","9","0","1","Transparent","Transparent","Transparent","Transparent","default_transform","default_transform:","default_transform:default_transform",""
"9","9","1","1","Transparent","Transparent","Transparent","Transparent","default_transform","default_transform:","default_transform:default_transform",""
"9","9","2","1","Transparent","Transparent","Transparent","Transparent","default_transform","default_transform:","default_transform:default_transform",""
"9","9","3","1","Transparent","Transparent","Transparent","Transparent","default_transform","default_transform:","default_transform:default_transform",""
"9","9","4","1","Transparent","Transparent","Transparent","Transparent","default_transform","default_transform:","default_transform:default_transform",""
"9","9","5","1","Transparent","Transparent","Transparent","Transparent","default_transform","default_transform:","default_transform:default_transform",""
"9","9","7","1","Transparent","Transparent","Transparent","Transparent","default_transform","default_transform:","default_transform:default_transform",""
"9","9","8","1","Transparent","Transparent","Transparent","Transparent","default_transform","default_transform:","default_transform:default_transform",""
"9","9","9","1","Transparent","Transparent","Transparent","Transparent","default_transform","default_transform:","default_transform:default_transform",""
"9","9","10","1","Transparent","Transparent","Transparent","Transparent","default_transform","default_transform:","default_transform:default_transform",""
"9","9","11","1","Transparent","Transparent","Transparent","Transparent","default_transform","default_transform:","default_transform:default_transform",""
"9","9","12","1","Transparent","Transparent","Transparent","Transparent","default_transform","default_transform:","default_transform:default_transform",""
"9","9","0","2","Transparent","Transparent","Transparent","Transparent","default_transform","default_transform:","default_transform:default_transform",""
"9","9","1","2","Transparent","Transparent","Transparent","Transparent","default_transform","default_transform:","default_transform:default_transform",""
"9","9","2","2","Transparent","Transparent","Transparent","Transparent","default_transform","default_transform:","default_transform:default_transform",""
"9","9","3","2","Transparent","Transparent","Transparent","Transparent","default_transform","default_transform:","default_transform:default_transform",""
"9","9","4","2","Transparent","Transparent","Transparent","Transparent","default_transform","default_transform:","default_transform:default_transform",""
"9","9","5","2","Transparent","Transparent","Transparent","Transparent","default_transform","default_transform:","default_transform:default_transform",""
"9","9","7","2","Transparent","Transparent","Transparent","Transparent","default_transform","default_transform:","default_transform:default_transform",""
"9","9","8","2","Transparent","Transparent","Transparent","Transparent","default_transform","default_transform:","default_transform:default_transform",""
"9","9","9","2","Transparent","Transparent","Transparent","Transparent","default_transform","default_transform:","default_transform:default_transform",""
"9","9","10","2","Transparent","Transparent","Transparent","Transparent","default_transform","default_transform:","default_transform:default_transform",""
"9","9","11","2","Transparent","Transparent","Transparent","Transparent","default_transform","default_transform:","default_transform:default_transform",""
"9","9","12","2","Transparent","Transparent","Transparent","Transparent","default_transform","default_transform:","default_transform:default_transform",""
"9","9","0","3","Transparent","Transparent","Transparent","Transparent","default_transform","default_transform:","default_transform:default_transform",""
"9","9","1","3","Transparent","Transparent","Transparent","Transparent","default_transform","default_transform:","default_transform:default_transform",""
"9","9","2","3","Transparent","Transparent","Transparent","Transparent","default_transform","default_transform:","default_transform:default_transform",""
"9","9","3","3","Transparent","Transparent","Transparent","Transparent","default_transform","default_transform:","default_transform:default_transform",""
"9","9","4","3","Transparent","Transparent","Transparent","Transparent","default_transform","default_transform:","default_transform:default_transform",""
"9","9","5","3","Transparent","Transparent","Transparent","Transparent","default_transform","default_transform:","default_transform:default_transform",""
"9","9","7","3","Transparent","Transparent","Transparent","Transparent","default_transform","default_transform:","default_transform:default_transform",""
"9","9","8","3","Transparent","Transparent","Transparent","Transparent","default_transform","default_transform:","default_transform:default_transform",""
"9","9","9","3","Transparent","Transparent","Transparent","Transparent","default_transform","default_transform:","default_transform:default_transform",""
"9","9","10","3","Transparent","Transparent","Transparent","Transparent","default_transform","default_transform:","default_transform:default_transform",""
"9","9","11","3","Transparent","Transparent","Transparent","Transparent","default_transform","default_transform:","default_transform:default_transform",""
"9","9","12","3","Transparent","Transparent","Transparent","Transparent","default_transform","default_transform:","default_transform:default_transform",""
"9","9","3","4","Transparent","Transparent","Transparent","Transparent","default_transform","default_transform:","default_transform:default_transform",""
"9","9","4","4","Transparent","Transparent","Transparent","Transparent","default_transform","default_transform:","default_transform:default_transform",""
"9","9","5","4","Transparent","Transparent","Transparent","Transparent","default_transform","default_transform:","default_transform:default_transform",""
"9","9","7","4","Transparent","Transparent","Transparent","Transparent","default_transform","default_transform:","default_transform:default_transform",""
"9","9","8","4","Transparent","Transparent","Transparent","Transparent","default_transform","default_transform:","default_transform:default_transform",""
"9","9","4","5","Transparent","Transparent","Transparent","Transparent","default_transform","default_transform:","default_transform:default_transform",""
"9","9","5","5","Transparent","Transparent","Transparent","Transparent","default_transform","default_transform:","default_transform:default_transform",""
"9","9","7","5","Transparent","Transparent","Transparent","Transparent","default_transform","default_transform:","default_transform:default_transform",""
"10","10","0","0","Transparent","Transparent","Transparent","Transparent","default_transform","default_transform:","default_transform:default_transform",""
"10","10","1","0","Transparent","Transparent","Transparent","Transparent","default_transform","default_transform:","default_transform:default_transform",""
"10","10","2","0","Transparent","Transparent","Transparent","Transparent","default_transform","default_transform:","default_transform:default_transform",""
"10","10","3","0","Transparent","Transparent","Transparent","Transparent","default_transform","default_transform:","default_transform:default_transform",""
"10","10","4","0","Transparent","Transparent","Transparent","Transparent","default_transform","default_transform:","default_transform:default_transform",""
"10","10","5","0","Transparent","Transparent","Transparent","Transparent","default_transform","default_transform:","default_transform:default_transform",""
"10","10","7","0","Transparent","Transparent","Transparent","Transparent","default_transform","default_transform:","default_transform:default_transform",""
"10","10","8","0","Transparent","Transparent","Transparent","Transparent","default_transform","default_transform:","default_transform:default_transform",""
"10","10","9","0","Transparent","Transparent","Transparent","Transparent","default_transform","default_transform:","default_transform:default_transform",""
"10","10","10","0","Transparent","Transparent","Transparent","Transparent","default_transform","default_transform:","default_transform:default_transform",""
"10","10","11","0","Transparent","Transparent","Transparent","Transparent","default_transform","default_transform:","default_transform:default_transform",""
"10","10","12","0","Transparent","Transparent","Transparent","Transparent","default_transform","default_transform:","default_transform:default_transform",""
"10","10","0","1","Transparent","Transparent","Transparent","Transparent","default_transform","default_transform:","default_transform:default_transform",""
"10","10","1","1","Transparent","Transparent","Transparent","Transparent","default_transform","default_transform:","default_transform:default_transform",""
"10","10","2","1","Transparent","Transparent","Transparent","Transparent","default_transform","default_transform:","default_transform:default_transform",""
"10","10","3","1","Transparent","Transparent","Transparent","Transparent","default_transform","default_transform:","default_transform:default_transform",""
"10","10","4","1","Transparent","Transparent","Transparent","Transparent","default_transform","default_transform:","default_transform:default_transform",""
"10","10","5","1","Transparent","Transparent","Transparent","Transparent","default_transform","default_transform:","default_transform:default_transform",""
"10","10","7","1","Transparent","Transparent","Transparent","Transparent","default_transform","default_transform:","default_transform:default_transform",""
"10","10","8","1","Transparent","Transparent","Transparent","Transparent","default_transform","default_transform:","default_transform:default_transform",""
"10","10","9","1","Transparent","Transparent","Transparent","Transparent","default_transform","default_transform:","default_transform:default_transform",""
"10","10","10","1","Transparent","Transparent","Transparent","Transparent","default_transform","default_transform:","default_transform:default_transform",""
"10","10","11","1","Transparent","Transparent","Transparent","Transparent","default_transform","default_transform:","default_transform:default_transform",""
"10","10","12","1","Transparent","Transparent","Transparent","Transparent","default_transform","default_transform:","default_transform:default_transform",""
"10","10","0","2","Transparent","Transparent","Transparent","Transparent","default_transform","default_transform:","default_transform:default_transform",""
"10","10","1","2","Transparent","Transparent","Transparent","Transparent","default_transform","default_transform:","default_transform:default_transform",""
"10","10","2","2","Transparent","Transparent","Transparent","Transparent","default_transform","default_transform:","default_transform:default_transform",""
"10","10","3","2","Transparent","Transparent","Transparent","Transparent","default_transform","default_transform:","default_transform:default_transform",""
"10","10","4","2","Transparent","Transparent","Transparent","Transparent","default_transform","default_transform:","default_transform:default_transform",""
"10","10","5","2","Transparent","Transparent","Transparent","Transparent","default_transform","default_transform:","default_transform:default_transform",""
"10","10","7","2","Transparent","Transparent","Transparent","Transparent","default_transform","default_transform:","default_transform:default_transform",""
"10","10","8","2","Transparent","Transparent","Transparent","Transparent","default_transform","default_transform:","default_transform:default_transform",""
"10","10","9","2","Transparent","Transparent","Transparent","Transparent","default_transform","default_transform:","default_transform:default_transform",""
"10","10","10","2","Transparent","Transparent","Transparent","Transparent","default_transform","default_transform:","default_transform:default_transform",""
"10","10","11","2","Transparent","Transparent","Transparent","Transparent","default_transform","default_transform:","default_transform:default_transform",""
"10","10","12","2","Transparent","Transparent","Transparent","Transparent","default_transform","default_transform:","default_transform:default_transform",""
"10","10","0","3","Transparent","Transparent","Transparent","Transparent","default_transform","default_transform:","default_transform:default_transform",""
"10","10","1","3","Transparent","Transparent","Transparent","Transparent","default_transform","default_transform:","default_transform:default_transform",""
"10","10","2","3","Transparent","Transparent","Transparent","Transparent","default_transform","default_transform:","default_transform:default_transform",""
"10","10","3","3","Transparent","Transparent","Transparent","Transparent","default_transform","default_transform:","default_transform:default_transform",""
"10","10","4","3","Transparent","Transparent","Transparent","Transparent","default_transform","default_transform:","default_transform:default_transform",""
"10","10","5","3","Transparent","Transparent","Transparent","Transparent","default_transform","default_transform:","default_transform:default_transform",""
"10","10","7","3","Transparent","Transparent","Transparent","Transparent","default_transform","default_transform:","default_transform:default_transform",""
"10","10","8","3","Transparent","Transparent","Transparent","Transparent","default_transform","default_transform:","default_transform:default_transform",""
"10","10","9","3","Transparent","Transparent","Transparent","Transparent","default_transform","default_transform:","default_transform:default_transform",""
"10","10","10","3","Transparent","Transparent","Transparent","Transparent","default_transform","default_transform:","default_transform:default_transform",""
"10","10","11","3","Transparent","Transparent","Transparent","Transparent","default_transform","default_transform:","default_transform:default_transform",""
"10","10","12","3","Transparent","Transparent","Transparent","Transparent","default_transform","default_transform:","default_transform:default_transform",""
"10","10","3","4","Transparent","Transparent","Transparent","Transparent","default_transform","default_transform:","default_transform:default_transform",""
"10","10","4","4","Transparent","Transparent","Transparent","Transparent","default_transform","default_transform:","default_transform:default_transform",""
"10","10","5","4","Transparent","Transparent","Transparent","Transparent","default_transform","default_transform:","default_transform:default_transform",""
"10","10","7","4","Transparent","Transparent","Transparent","Transparent","default_transform","default_transform:","default_transform:default_transform",""
"10","10","8","4","Transparent","Transparent","Transparent","Transparent","default_transform","default_transform:","default_transform:default_transform",""
"10","10","4","5","Transparent","Transparent","Transparent","Transparent","default_transform","default_transform:","default_transform:default_transform",""
"10","10","5","5","Transparent","Transparent","Transparent","Transparent","default_transform","default_transform:","default_transform:default_transform",""
"10","10","7","5","Transparent","Transparent","Transparent","Transparent","default_transform","default_transform:","default_transform:default_transform",""
